#Note: if you have increased the bootloader size, make sure to update the offsets to avoid overlap
#Note: offsets could be blank to auto adapt


#back before partition table offset changed
#Name,   Type, SubType, Offset,  Size, Flags
#nvs,      data, nvs,     0x9000,  0x6000,
#phy_init, data, phy,     0xf000,  0x1000,
#factory,  app,  factory, 0x10000, 1M,
#storage,  data, littlefs,      ,  0xF0000,

# Name,   Type, SubType, Offset,  Size, Flags
nvs,      data, nvs,     ,        0x6000,
otadata,  data, ota,     ,        0x2000,
phy_init, data, phy,     ,        0x1000,
ota_0,    app,  ota_0,   ,        1M,
ota_1,    app,  ota_1,   ,        1M,
storage,  data, littlefs,,        0xF0000,